run_id,episode,total_reward,avg_temp_zone0,avg_temp_zone1,avg_temp_zone2,avg_energy,epsilon
exp-qlearning-2,1,-386.83776155540727,15.938129504071687,19.74303569542214,19.009027997002377,3.4791666666666665,0.4975
exp-qlearning-2,2,-530.4385930188523,18.88643046504042,13.470477304527897,18.892981645116315,3.6041666666666665,0.4950125
exp-qlearning-2,3,-337.5035672823888,17.913786902593532,16.190103848952706,20.359804179803422,3.2916666666666665,0.4925374375
exp-qlearning-2,4,-526.9822845053171,16.88775276940599,16.923109991446157,19.03194200282491,3.8541666666666665,0.49007475031250003
exp-qlearning-2,5,-352.1261430849587,16.86619253234456,17.026833473217888,20.198212128335296,3.4375,0.48762437656093754
exp-qlearning-2,6,-501.17529349095474,16.30275937137976,15.43627430146953,19.900358430738738,3.5416666666666665,0.48518625467813287
exp-qlearning-2,7,-298.26927460725113,16.126368336191312,18.380596247262847,21.6044084585528,3.1666666666666665,0.4827603234047422
exp-qlearning-2,8,-511.9802798269704,20.174035019598616,18.293785337668425,16.456607942109667,3.6666666666666665,0.4803465217877185
exp-qlearning-2,9,-351.69859651718986,19.560671793770474,14.908063257271104,20.751614599433733,3.1041666666666665,0.47794478917877986
exp-qlearning-2,10,-93.06722640302524,19.186445609269523,21.286056616936296,19.932650583121283,2.6875,0.47555506523288593
exp-qlearning-2,11,-501.8804132194538,17.204357793418065,16.36403536062379,17.665227717730072,3.5625,0.4731772899067215
exp-qlearning-2,12,-348.40646248081424,21.81960390552888,13.642760585407018,21.957150824334118,3.0208333333333335,0.47081140345718786
exp-qlearning-2,13,-370.39063666055085,17.28940591924119,18.939912720129254,19.00996316062721,3.3958333333333335,0.46845734643990194
exp-qlearning-2,14,-313.5923985065079,16.787666800359208,21.19542841391013,18.883557281852074,2.9166666666666665,0.46611505970770245
exp-qlearning-2,15,-398.1513370939308,17.016602721266985,17.600981845569756,19.969259960394915,3.125,0.4637844844091639
exp-qlearning-2,16,-476.2882885691406,14.104254515214985,16.716532348383087,20.51668381676954,3.7083333333333335,0.4614655619871181
exp-qlearning-2,17,-513.5488315338738,17.597562807295063,18.75603692150694,17.012340213928915,3.75,0.4591582341771825
exp-qlearning-2,18,-314.69003524531166,19.165635422151148,17.146896439181262,20.31844936394783,3.0208333333333335,0.4568624430062966
exp-qlearning-2,19,-189.58223578149136,16.708978939818298,19.322750785767195,22.7632448236274,2.7708333333333335,0.4545781307912651
exp-qlearning-2,20,-205.9414806324886,21.378836159933318,15.494973027674783,22.410491621038133,2.6458333333333335,0.4523052401373088
exp-qlearning-2,21,-418.5633931143204,20.25415096969257,14.839251477283861,18.369906204994827,3.5,0.45004371393662224
exp-qlearning-2,22,-766.9922284778919,16.028718124871002,12.785839685302868,18.434398209808176,4.333333333333333,0.44779349536693913
exp-qlearning-2,23,-440.35644803307025,17.45211459202743,16.322933458578763,20.888369547584563,3.3125,0.4455545278901044
exp-qlearning-2,24,-613.662252745662,15.691291808787751,16.928927984142515,18.84065954277308,4.0,0.4433267552506539
exp-qlearning-2,25,-629.4587177327406,16.99024344169108,15.497578482934353,17.186195660033942,3.7291666666666665,0.44111012147440065
exp-qlearning-2,26,-348.5132957033903,13.94282218748429,18.884561251873563,21.529447612383795,3.7291666666666665,0.43890457086702866
exp-qlearning-2,27,-329.7215756702726,18.060758448171885,17.90800229843408,19.447252154382113,3.3958333333333335,0.43671004801269353
exp-qlearning-2,28,-320.18183135841485,16.344142168475162,18.911698593237187,19.819551681168246,3.2083333333333335,0.4345264977726301
exp-qlearning-2,29,-542.2521774098541,19.986132630683827,13.945060543051405,18.31165349381331,3.6041666666666665,0.4323538652837669
exp-qlearning-2,30,-679.7963274879386,15.955515723295084,14.114764523180027,19.002099033563756,3.875,0.4301920959573481
exp-qlearning-2,31,-349.1046874802844,19.119669974478185,16.14525039118313,19.328297769416466,3.375,0.42804113547756134
exp-qlearning-2,32,-591.4712268099757,16.188091846344452,17.583661182427182,15.657658958251394,4.020833333333333,0.4259009298001735
exp-qlearning-2,33,-613.8121670431706,18.731951055119378,12.030992090492546,18.866125536412166,3.9583333333333335,0.42377142515117266
exp-qlearning-2,34,-415.54691421150824,16.364694239732554,15.0534205316837,22.052792206643584,3.5833333333333335,0.4216525680254168
exp-qlearning-2,35,-406.3443938144262,15.797566617256061,16.92170462920226,20.731861716697615,3.625,0.4195443051852897
exp-qlearning-2,36,-266.3633842242987,16.86627269874386,19.335730506966183,20.423514794128824,3.3125,0.4174465836593632
exp-qlearning-2,37,-256.8450873095172,17.37537371788422,20.598875848614803,19.301784424905197,3.125,0.4153593507410664
exp-qlearning-2,38,-519.0594853204224,16.87629577830934,15.59245389464865,19.54507144403148,3.875,0.4132825539873611
exp-qlearning-2,39,-332.17001539334893,20.647726973508373,15.332525202071972,20.992332270883647,3.3333333333333335,0.4112161412174243
exp-qlearning-2,40,-219.43371468450871,17.71922370220135,16.187700845307432,22.081056214658023,3.0416666666666665,0.40916006051133713
exp-qlearning-2,41,-310.85075113294454,17.389307183784165,14.988937816527168,21.382060275109733,3.6458333333333335,0.40711426020878044
exp-qlearning-2,42,-266.79218176669514,20.689694879096816,16.79406061486578,19.833876610352984,3.1875,0.4050786889077365
exp-qlearning-2,43,-451.0874334321957,17.63868025003649,14.839903029453398,22.061267159933163,3.375,0.40305329546319785
exp-qlearning-2,44,-456.3889020937038,15.872928731946212,16.194131701851745,19.19479032481966,3.7708333333333335,0.40103802898588187
exp-qlearning-2,45,-349.9533711516335,16.383925620024296,17.781991422766826,21.368432668313798,3.5,0.3990328388409525
exp-qlearning-2,46,-176.5656567856388,19.097400316826896,18.708968861232368,20.04763831501695,2.8541666666666665,0.3970376746467477
exp-qlearning-2,47,-382.83614810335996,18.824990436793538,15.618137170976674,20.25112866373947,3.3958333333333335,0.39505248627351397
exp-qlearning-2,48,-324.3205819890476,20.350646786281306,16.173551126401797,20.12003628273545,3.1458333333333335,0.3930772238421464
exp-qlearning-2,49,-375.1792723639171,19.556463801699294,12.900827966084924,21.136288398631603,3.3333333333333335,0.3911118377229357
exp-qlearning-2,50,-580.2302969502714,16.641311072044996,17.19765173544973,15.86925959325498,3.875,0.389156278534321
exp-qlearning-2,51,-182.52941748860803,19.883271980618805,19.449162832701685,21.72840658874122,2.8958333333333335,0.3872104971416494
exp-qlearning-2,52,-411.322899614775,19.087455693393245,17.775841252913132,18.419989163829765,3.3541666666666665,0.38527444465594113
exp-qlearning-2,53,-263.38661086300425,17.882706673452486,19.025789650306645,21.733931732541222,3.0625,0.38334807243266145
exp-qlearning-2,54,-422.23362267536453,17.588970168042263,17.935923964151694,19.04174213739187,3.6041666666666665,0.3814313320704981
exp-qlearning-2,55,-142.34161295582146,18.543807706929655,20.660328465631817,20.0901636930717,3.0625,0.3795241754101456
exp-qlearning-2,56,-206.9905155494909,20.674462005584616,18.374242014983917,21.46204391958013,2.5833333333333335,0.37762655453309485
exp-qlearning-2,57,-123.94596054993269,19.93502910560326,19.217474241845828,22.290898080615566,2.5208333333333335,0.3757384217604294
exp-qlearning-2,58,-377.4562634850609,15.852983645007503,18.68102275562801,21.093051234735043,3.2916666666666665,0.3738597296516272
exp-qlearning-2,59,-172.22190805947918,17.23974484757707,19.385527340861803,22.26302281942287,2.8541666666666665,0.3719904310033691
exp-qlearning-2,60,-365.25282990658457,14.797274630249468,19.50788845338374,19.726537492159583,3.5833333333333335,0.37013047884835226
exp-qlearning-2,61,-371.64404689273186,16.759530809644296,19.63569057234395,19.142981786185565,3.4166666666666665,0.3682798264541105
exp-qlearning-2,62,-266.2321418992443,18.30722719161573,20.08143991419865,20.385426484981803,3.0625,0.36643842732183995
exp-qlearning-2,63,-344.75272641891337,21.677596347767643,14.043351625193807,21.132834670324886,2.9166666666666665,0.3646062351852308
exp-qlearning-2,64,-385.57065504378676,13.723045540558195,18.916841519930347,22.388781423467822,3.3125,0.36278320400930464
exp-qlearning-2,65,-404.56545987256266,17.551422771908175,14.542253521629114,22.994219587991665,3.1458333333333335,0.3609692879892581
exp-qlearning-2,66,-107.50929409346207,18.80004112327405,19.76335245300896,19.95135028310916,2.8125,0.3591644415493118
exp-qlearning-2,67,-88.7278104428869,19.305147530150453,19.156446752184888,20.741619989730534,2.9583333333333335,0.3573686193415653
exp-qlearning-2,68,-269.3399596318677,18.89353783488702,21.414401798934247,19.112868275071833,3.0416666666666665,0.35558177624485743
exp-qlearning-2,69,-136.0569593511931,18.675679206043743,19.062938749841944,23.94063493741413,2.4791666666666665,0.3538038673636331
exp-qlearning-2,70,-101.27818992837248,21.286177521877303,19.08407226393975,19.999244655286024,2.8333333333333335,0.35203484802681495
exp-qlearning-2,71,-192.38475069790837,16.97054873426835,19.281956950107077,21.283366090487814,3.0208333333333335,0.35027467378668087
exp-qlearning-2,72,-118.20081504508396,18.633374354913315,19.495217517398974,22.414403978655397,2.7083333333333335,0.3485233004177475
exp-qlearning-2,73,-324.2154973103558,14.456660895745477,19.265246660800308,22.604652673612947,3.0208333333333335,0.34678068391565875
exp-qlearning-2,74,-232.9689519101554,17.299560381682642,19.490707228502217,20.583843773361764,3.0833333333333335,0.34504678049608045
exp-qlearning-2,75,-104.12987117246286,17.71563527486673,19.271186546526177,22.09056236389098,2.9166666666666665,0.34332154659360004
exp-qlearning-2,76,-417.6459795674603,19.16968658865239,15.907168209111857,20.41060065438741,3.2083333333333335,0.34160493886063203
exp-qlearning-2,77,-174.97234508400788,17.396499465799497,19.314105601285814,22.502537357388235,2.8125,0.3398969141663289
exp-qlearning-2,78,-320.4690399795669,18.984316687400046,14.625954622367273,22.342842439055076,3.2291666666666665,0.33819742959549726
exp-qlearning-2,79,-79.99865924663851,19.40484293367133,19.563905037263726,23.127435109775092,2.625,0.33650644244751976
exp-qlearning-2,80,-189.3056687510109,18.06075808240642,19.099926970417556,20.875627989299034,2.9375,0.3348239102352822
exp-qlearning-2,81,-444.1352637877352,14.456767592543166,20.954016440229655,18.647668363972457,3.8125,0.3331497906841058
exp-qlearning-2,82,-242.88383884539994,16.165164244728228,19.810568400351382,20.49031690883653,3.1875,0.33148404173068524
exp-qlearning-2,83,-534.5319684692893,16.291850868992054,17.308446924166716,19.44485612816911,3.6666666666666665,0.3298266215220318
exp-qlearning-2,84,-7.406633369029688,19.390331657167803,20.855621616971757,21.20940880440297,2.7083333333333335,0.3281774884144216
exp-qlearning-2,85,-98.23958040691663,20.199817184631566,18.09389153647948,22.881878079993893,2.7291666666666665,0.3265366009723495
exp-qlearning-2,86,-333.3996561537542,18.809260125285892,17.577602579742024,19.814308376819536,3.1875,0.32490391796748774
exp-qlearning-2,87,-250.2569550631447,17.61466183970772,19.170641237886368,20.092034550568936,3.1666666666666665,0.3232793983776503
exp-qlearning-2,88,-453.2150839285142,15.578919611163121,17.85415304315072,20.036637864453745,3.5208333333333335,0.32166300138576204
exp-qlearning-2,89,-324.7445602301249,20.48507540784713,15.35652426772892,18.99770371650235,3.125,0.3200546863788332
exp-qlearning-2,90,-138.67260952846462,17.377545683824227,20.34363963174864,21.630587699872184,2.8125,0.31845441294693905
exp-qlearning-2,91,-119.39669405324985,19.800377039310348,17.239461106408843,21.520037864892757,2.7916666666666665,0.3168621408822043
exp-qlearning-2,92,-174.56808276038836,17.914508597612087,19.02608927843259,21.14137761097906,3.0,0.3152778301777933
exp-qlearning-2,93,-364.64079263738927,16.33300107208059,16.67127631294267,20.625851398147322,3.2291666666666665,0.31370144102690434
exp-qlearning-2,94,-175.96651182844727,17.300618938870397,18.778973532979183,21.05351689268439,3.1041666666666665,0.3121329338217698
exp-qlearning-2,95,-335.3701448543899,18.478728771433296,18.132017659694213,19.700107365931625,3.0625,0.31057226915266095
exp-qlearning-2,96,-153.77346949328538,19.862699811223347,18.62422699990734,20.060967918692814,2.9583333333333335,0.30901940780689763
exp-qlearning-2,97,-173.69834805001167,19.503039106940648,19.24323341180181,19.56235797748007,2.9375,0.30747431076786313
exp-qlearning-2,98,-450.3538586555464,17.450514006819812,18.114930710249624,17.966634275891234,3.4583333333333335,0.3059369392140238
exp-qlearning-2,99,-364.63715652427703,17.65980000963091,15.901989783585256,20.677043808061068,3.1875,0.3044072545179537
exp-qlearning-2,100,-177.55836774720967,16.928987340859752,20.838311253813263,20.959463220050704,2.9375,0.3028852182453639
exp-qlearning-2,101,-398.07624848598255,17.06076606010727,16.262849493910092,22.889507531057877,3.1875,0.3013707921541371
exp-qlearning-2,102,-109.8001055719861,19.891206825100884,19.21316530058579,20.428741830659323,3.0208333333333335,0.29986393819336643
exp-qlearning-2,103,-353.2491736352338,20.306772562786847,16.696165701672673,18.226287353671683,3.25,0.2983646185023996
exp-qlearning-2,104,-410.11870966351063,20.232771068380618,13.00356655339377,20.825833746755187,3.4583333333333335,0.2968727954098876
exp-qlearning-2,105,35.93541358462018,19.878921704802952,20.638512790812985,20.54441939346106,2.7291666666666665,0.29538843143283816
exp-qlearning-2,106,-250.49804693422058,17.659542579504574,14.876792629693197,22.425771656253147,3.0833333333333335,0.29391148927567395
exp-qlearning-2,107,-408.7934903009391,17.870262570119248,16.983644997559853,20.186432483646332,3.4791666666666665,0.29244193182929556
exp-qlearning-2,108,-339.69639159093276,20.516975065976855,13.35585010810155,21.374585069763572,3.25,0.2909797221701491
exp-qlearning-2,109,-246.67435869176654,20.81269559956422,14.476413299016988,22.497676584853423,3.0208333333333335,0.28952482355929837
exp-qlearning-2,110,-191.77470277754307,17.43016132480358,18.698662052812512,22.494933163690074,2.7708333333333335,0.2880771994415019
exp-qlearning-2,111,-142.01925297646,17.527943949976024,21.53519018896647,20.98966980167805,2.8125,0.28663681344429437
exp-qlearning-2,112,-478.02653049786534,17.366840512252015,17.35839378329218,16.73775679733453,3.6041666666666665,0.2852036293770729
exp-qlearning-2,113,-186.80860463673127,20.031878556997793,18.233587132037517,19.702000318789924,2.875,0.2837776112301875
exp-qlearning-2,114,-156.54677474255564,21.05959131659125,19.301888046547607,19.170075901695082,2.6458333333333335,0.2823587231740366
exp-qlearning-2,115,4.428264616176705,19.92883631744755,20.876446431286798,20.708497609501894,2.6458333333333335,0.2809469295581664
exp-qlearning-2,116,-154.75214365045147,19.539611185561665,19.278831364616607,20.39730400347494,2.75,0.2795421949103756
exp-qlearning-2,117,-366.0893053980274,16.768859599056675,16.957809947559245,21.33932644495927,3.1666666666666665,0.2781444839358237
exp-qlearning-2,118,-187.98467546880474,16.084456994625707,21.397460231104997,22.260713233168918,2.7291666666666665,0.27675376151614456
exp-qlearning-2,119,-302.9364794202107,17.18544941442233,18.35386992291362,20.746024441889638,3.3958333333333335,0.2753699927085638
exp-qlearning-2,120,-23.39542328603894,20.77614836159635,19.203846376789336,20.503331767224957,2.7916666666666665,0.273993142745021
exp-qlearning-2,121,-231.21863661643312,19.46363199625553,17.992927836063547,20.256646591635835,2.8333333333333335,0.2726231770312959
exp-qlearning-2,122,-267.95967567530585,19.852539789655008,15.640508588987842,21.74567517033937,2.9583333333333335,0.27126006114613943
exp-qlearning-2,123,-155.99861587563962,16.4955678948274,21.93712925845158,20.685743965574144,3.0208333333333335,0.26990376084040874
exp-qlearning-2,124,-112.72969551934489,18.358956104547417,20.507296767469324,21.01368642201663,2.75,0.2685542420362067
exp-qlearning-2,125,-127.63338409237524,16.973213483265102,20.816989461467767,22.15522457294659,2.9791666666666665,0.26721147082602564
exp-qlearning-2,126,-87.55720920566529,19.07637938520015,18.19652239812496,21.459065668701808,2.8125,0.2658754134718955
exp-qlearning-2,127,-191.6505902526911,18.777391779918453,20.066701040888145,20.361434466061787,2.9166666666666665,0.26454603640453606
exp-qlearning-2,128,-91.89495763948287,18.21171414601726,21.374205877752928,20.603363307299873,2.6458333333333335,0.2632233062225134
exp-qlearning-2,129,-185.04438235180834,19.522468936048927,19.381554695208838,19.15920036603576,3.0,0.2619071896914008
exp-qlearning-2,130,-301.3094678972035,17.633767052196816,17.010625364573887,21.588085434507974,3.0625,0.2605976537429438
exp-qlearning-2,131,-350.6381440040758,19.322140263638612,16.521501362118652,19.46598711010474,3.3333333333333335,0.2592946654742291
exp-qlearning-2,132,-233.07672063275953,18.049088004250237,17.821510466204572,21.854664841494102,2.8541666666666665,0.25799819214685793
exp-qlearning-2,133,-107.29997639055094,19.277390186242183,18.649122636557422,22.663619738749222,2.8333333333333335,0.25670820118612364
exp-qlearning-2,134,-431.9159612954822,17.36381302893413,16.097934324666323,21.282434253568045,3.25,0.255424660180193
exp-qlearning-2,135,-211.65370203725755,19.757330511652686,17.753753744913187,21.687020860600327,2.8541666666666665,0.25414753687929204
exp-qlearning-2,136,-242.46495569411374,19.626649306743953,19.02740879148263,21.659649801774567,2.7083333333333335,0.2528767991948956
exp-qlearning-2,137,-221.26816240661063,18.578836108478594,20.047615052315,20.723460872431907,2.9166666666666665,0.2516124151989211
exp-qlearning-2,138,-105.23631908504542,19.379980604371585,18.140955604251275,22.31582099968159,2.7083333333333335,0.2503543531229265
exp-qlearning-2,139,-138.93185971799306,20.56895381973385,17.871605784605475,20.59128400076764,2.8958333333333335,0.24910258135731184
exp-qlearning-2,140,-262.2311936012074,17.274837299297598,18.831337712833093,20.78776795185426,3.1666666666666665,0.24785706845052527
exp-qlearning-2,141,-282.0686443379174,20.15257195857132,16.24218163942905,20.02055971750955,2.9791666666666665,0.24661778310827265
exp-qlearning-2,142,-27.461279200923023,19.34185009140748,19.366964250754098,22.417896252548193,2.75,0.2453846941927313
exp-qlearning-2,143,-123.99831002047452,18.0616146569195,22.888870986390142,20.07006535578271,2.5833333333333335,0.24415777072176764
exp-qlearning-2,144,-133.3202665628318,19.524253817831465,17.629336272858588,21.486582846429922,2.6875,0.2429369818681588
exp-qlearning-2,145,-273.26032841029513,18.312308473018543,21.246732097117743,19.643255243456775,2.7291666666666665,0.241722296958818
exp-qlearning-2,146,-180.26508330756585,15.897658741841205,19.89702921836122,20.9665023574081,3.0625,0.2405136854740239
exp-qlearning-2,147,-237.41706465130784,19.729574457591017,17.851159930491068,19.438475684251102,3.1041666666666665,0.23931111704665378
exp-qlearning-2,148,-108.23105659324935,17.9593453596989,19.861907353770395,22.11102858348613,2.7291666666666665,0.23811456146142052
exp-qlearning-2,149,-176.40703274832725,19.243086977493316,18.99971622954296,20.81408171548024,2.7916666666666665,0.2369239886541134
exp-qlearning-2,150,-245.736060892949,19.70484348076639,18.581778189296973,20.771031636377653,3.0625,0.23573936871084283
exp-qlearning-2,151,-285.70216009994965,19.140906541699113,17.529942491695426,20.532196413908874,2.8958333333333335,0.23456067186728863
exp-qlearning-2,152,-94.29198626209029,19.77059912033549,19.90607260797848,19.941659490992038,2.6666666666666665,0.23338786850795218
exp-qlearning-2,153,-216.13754514141348,19.936337448192646,17.006588963627106,19.625891629111845,3.0416666666666665,0.23222092916541243
exp-qlearning-2,154,-191.37141293093043,17.185159894751497,20.210158185010638,21.600200417884427,2.6041666666666665,0.23105982451958537
exp-qlearning-2,155,-42.37032712965855,17.489577729698407,20.955000947962198,22.48777497121002,2.4791666666666665,0.22990452539698744
exp-qlearning-2,156,-298.55293198731414,20.842584966730346,16.200883660742726,19.90503217802996,3.25,0.2287550027700025
exp-qlearning-2,157,-371.4715702740349,15.874389425838109,18.876402357318895,23.314303559658665,3.0,0.22761122775615247
exp-qlearning-2,158,-120.63799175342015,18.320770871497082,21.747371804476554,20.334063289277783,2.8541666666666665,0.2264731716173717
exp-qlearning-2,159,-203.16321596225688,18.861086485695484,18.576242008087995,20.468497564083467,2.9166666666666665,0.22534080575928486
exp-qlearning-2,160,-93.49555297594429,18.336458100760787,18.901041424813396,21.876954281563957,2.9166666666666665,0.22421410173048845
exp-qlearning-2,161,-133.7256745859415,19.43598004280206,16.982442069616756,22.793061571548353,2.7083333333333335,0.223093031221836
exp-qlearning-2,162,-182.3009577097573,17.40944829938959,17.815442844018538,22.657628897858448,2.9375,0.2219775660657268
exp-qlearning-2,163,-266.9351528627894,16.48191382742772,18.90506397580965,21.034632996152492,3.2083333333333335,0.22086767823539816
exp-qlearning-2,164,-83.6955754784753,17.429302644256797,21.746671974174163,21.23454167875767,2.7916666666666665,0.21976333984422117
exp-qlearning-2,165,-18.916684678658488,19.727817871462147,19.238463688321737,21.93022173951203,2.4791666666666665,0.21866452314500007
exp-qlearning-2,166,-338.393366081034,21.187174517706126,15.997775051124712,19.421340083377363,3.0833333333333335,0.21757120052927506
exp-qlearning-2,167,-284.5669223579268,16.113645937263303,21.737059918606956,21.09692761522628,3.1041666666666665,0.21648334452662868
exp-qlearning-2,168,-148.67718423095346,18.582453586720657,19.130807246712077,21.19211581236116,2.9375,0.21540092780399553
exp-qlearning-2,169,-226.28783908963845,18.860804811474676,18.473695222353065,20.80910647332499,2.8958333333333335,0.21432392316497556
exp-qlearning-2,170,-169.98465528498633,18.12538698615315,17.723996724087883,22.832979284307342,2.7291666666666665,0.21325230354915067
exp-qlearning-2,171,-99.19441032149695,19.414001850955593,20.22444039199821,21.150208118046233,2.7708333333333335,0.21218604203140493
exp-qlearning-2,172,-461.4179758489594,17.52332100922671,19.896847822927043,18.25502359841521,3.2916666666666665,0.2111251118212479
exp-qlearning-2,173,-40.25807273718654,18.3510079327113,20.941726995706663,21.558024760238936,2.6458333333333335,0.21006948626214167
exp-qlearning-2,174,-220.5052630816869,19.159459835870727,19.202947331022372,20.950638076538997,2.8125,0.20901913883083095
exp-qlearning-2,175,-35.48692874707797,21.02409246924562,18.95612125097514,21.72312893261574,2.7083333333333335,0.2079740431366768
exp-qlearning-2,176,-461.04860073609285,16.981572013553077,14.909336262139876,20.277451713990356,3.5833333333333335,0.20693417292099342
exp-qlearning-2,177,-189.99873346338768,19.55791253630374,17.469251712757785,21.53003564781336,2.875,0.20589950205638846
exp-qlearning-2,178,-70.28019962854351,18.11805771537151,20.713093031745874,21.116300346961502,2.6458333333333335,0.20487000454610652
exp-qlearning-2,179,-139.54395049664944,16.399522203233573,19.176090214600418,21.982031079101116,2.8333333333333335,0.20384565452337597
exp-qlearning-2,180,-206.21203118162174,18.235103261326376,20.84456774988988,21.372410173449662,2.75,0.20282642625075908
exp-qlearning-2,181,-350.8803216696125,16.81458125989278,19.25326788526993,20.309159275356244,2.9791666666666665,0.2018122941195053
exp-qlearning-2,182,-178.18822790944162,16.69827388505026,19.862843225995785,22.32048372211538,3.0,0.20080323264890776
exp-qlearning-2,183,-134.96944021235504,22.12781839041789,18.926259205563586,21.17013280451298,2.4375,0.1997992164856632
exp-qlearning-2,184,-32.03728774408134,18.250320150977235,21.281607765845262,21.548909330472032,2.4375,0.1988002204032349
exp-qlearning-2,185,-12.547301586763687,19.12951274643476,19.62242728092835,21.743500330136317,2.6666666666666665,0.19780621930121872
exp-qlearning-2,186,-116.42348756407718,19.067508054107236,18.882039524635484,21.345370739426073,2.5625,0.19681718820471264
exp-qlearning-2,187,-20.070868215733842,17.814468906655243,21.89113744300934,21.34034196414724,2.6875,0.19583310226368908
exp-qlearning-2,188,-142.11487279976308,18.834344183678326,19.13419381361467,21.804278189496582,2.8333333333333335,0.19485393675237064
exp-qlearning-2,189,-278.72348484766695,16.952573965052114,21.662189070589548,18.96475165097056,3.2291666666666665,0.1938796670686088
exp-qlearning-2,190,-240.79498121833075,17.077289213641425,21.112088296276596,19.925752380795164,2.9583333333333335,0.19291026873326575
exp-qlearning-2,191,-223.7120287673872,19.714420869767764,16.216622955554985,22.518667621456157,2.875,0.19194571738959942
exp-qlearning-2,192,-245.6455937362838,18.29551589347644,18.157509336065406,22.152928283051654,2.9166666666666665,0.1909859888026514
exp-qlearning-2,193,-110.829288135721,17.953052379908765,19.042370195524608,22.22863034343887,2.8333333333333335,0.19003105885863816
exp-qlearning-2,194,-157.39351891111272,17.515098468666814,19.03257141134308,21.69049518001128,2.75,0.18908090356434498
exp-qlearning-2,195,-368.95631462779755,12.562937194947677,21.584306960693677,22.526011350169128,3.125,0.18813549904652327
exp-qlearning-2,196,-127.22567621750002,17.00331989823794,21.25245062759134,21.340662305215627,2.8333333333333335,0.18719482155129066
exp-qlearning-2,197,-165.7725460696868,16.065365664400687,20.283123953137864,22.498219833971238,3.0625,0.18625884744353421
exp-qlearning-2,198,-193.3037629688101,20.758082356494036,16.87828909731091,20.299916386321545,2.8541666666666665,0.18532755320631655
exp-qlearning-2,199,-167.363712180609,17.41858542003906,18.938844927518403,23.075444530953302,2.875,0.18440091544028497
exp-qlearning-2,200,-42.01666085413665,17.734402947870063,21.593168731361626,22.674642277216034,2.5416666666666665,0.18347891086308354
exp-qlearning-2,201,-212.2055472934924,16.840779119626553,21.071332738950225,19.89491818618346,3.0416666666666665,0.18256151630876813
exp-qlearning-2,202,-71.22190901036637,17.601169163222398,20.438187291994176,22.298892605745987,2.625,0.1816487087272243
exp-qlearning-2,203,-258.02703424352865,20.148228807076617,16.12635158812319,21.725987128887965,2.8541666666666665,0.1807404651835882
exp-qlearning-2,204,-224.35989842853655,15.617618043042084,19.813535490287965,21.735152510897567,3.1458333333333335,0.17983676285767025
exp-qlearning-2,205,-89.21443854567997,19.060976141062017,20.36574425266639,21.73399952469998,2.7083333333333335,0.1789375790433819
exp-qlearning-2,206,-185.65529056299528,20.692507692154226,18.02579976483818,20.344357195934645,3.0625,0.178042891148165
exp-qlearning-2,207,-27.692628441376083,19.38292742887602,21.008913643507263,21.93927445687505,2.3541666666666665,0.17715267669242415
exp-qlearning-2,208,-204.5236351179127,17.624879002870653,20.639252290376685,20.17541362625887,3.1041666666666665,0.17626691330896202
exp-qlearning-2,209,-193.7846126363184,17.438494399755157,22.256893422855494,19.153588720055826,3.0,0.1753855787424172
exp-qlearning-2,210,-50.443758925901136,17.21139195814143,20.673152059111754,21.442837249119737,2.9375,0.17450865084870512
exp-qlearning-2,211,-109.53643751803742,18.76521450836017,20.940000210476196,20.64091968660018,2.6666666666666665,0.1736361075944616
exp-qlearning-2,212,-131.88844915934425,19.5608477991768,18.348480113338038,21.015697874081706,2.8125,0.1727679270564893
exp-qlearning-2,213,-208.99228267027775,19.948815046556145,18.675377307304935,20.432153554284888,3.0208333333333335,0.17190408742120686
exp-qlearning-2,214,-259.1583635529039,17.22159419773072,17.00081759447931,23.326552571593126,3.0208333333333335,0.1710445669841008
exp-qlearning-2,215,-83.16327739769031,18.968062119916656,18.681278402517773,21.848152395295035,2.6666666666666665,0.1701893441491803
exp-qlearning-2,216,-314.5342416449545,16.987342626563144,19.348138317616474,20.67090171477584,3.25,0.1693383974284344
exp-qlearning-2,217,-200.79388977804058,16.860691944934505,19.797467911261727,20.835886198246815,2.8125,0.16849170544129222
exp-qlearning-2,218,-238.0425434952363,21.036106427011763,16.932462472973445,20.705452431780888,2.7708333333333335,0.16764924691408575
exp-qlearning-2,219,-189.96870238592655,19.124623719111874,17.994796020136437,20.802873562895403,2.9791666666666665,0.16681100067951532
exp-qlearning-2,220,-181.36563529991957,15.202921846493313,21.104660696417053,21.662973304247682,2.8958333333333335,0.16597694567611773
exp-qlearning-2,221,30.895850048629093,19.733856931718478,21.220086835511033,21.070981939945266,2.4166666666666665,0.16514706094773715
exp-qlearning-2,222,-217.79039018316107,21.663881768593782,16.58169182691306,20.64540411968282,2.6666666666666665,0.16432132564299848
exp-qlearning-2,223,-23.037055539105946,19.35181678241998,20.421155105861136,21.62450668269803,2.7083333333333335,0.1634997190147835
exp-qlearning-2,224,-31.543415870332662,18.931667534998265,20.87108212945131,21.788272423976196,2.4791666666666665,0.1626822204197096
exp-qlearning-2,225,-68.17173729867947,18.292829585591093,19.849361052990623,22.678071634035586,2.5416666666666665,0.16186880931761105
exp-qlearning-2,226,-71.41596832654214,19.41162410721726,19.66812216429683,20.693448171360565,2.8333333333333335,0.161059465271023
exp-qlearning-2,227,-112.23690845432954,18.101961085155207,18.29456107451253,21.12365092211077,2.9583333333333335,0.16025416794466787
exp-qlearning-2,228,-54.92764584963169,19.69658868878334,20.004126730243758,21.516133100030032,2.4375,0.15945289710494454
exp-qlearning-2,229,-215.13824433825783,18.271330668045177,20.042463606220544,21.700489320970657,2.7083333333333335,0.1586556326194198
exp-qlearning-2,230,-223.23223750824516,18.905731029037053,20.743122624130176,18.75588975162051,2.9166666666666665,0.1578623544563227
exp-qlearning-2,231,-191.13099795810416,17.765548765024583,19.779720178469,20.512958343559102,2.7291666666666665,0.1570730426840411
exp-qlearning-2,232,-173.70581701640018,17.946419016586482,20.880014119974224,20.93595296778862,2.7083333333333335,0.1562876774706209
exp-qlearning-2,233,-112.884748015932,16.355746368153806,21.531028402124843,21.835402833630273,2.7291666666666665,0.15550623908326777
exp-qlearning-2,234,-78.51265944255739,17.12712670356513,20.807276787748116,21.020277463755686,2.8125,0.15472870788785142
exp-qlearning-2,235,-119.38145681848415,17.74653985421841,20.037367483824376,21.764628678534937,2.8125,0.15395506434841216
exp-qlearning-2,236,-137.3489755428187,17.67201377950838,21.190533657807237,21.816674123693645,2.75,0.1531852890266701
exp-qlearning-2,237,-102.77287742659001,18.710623554326656,21.548462230768276,21.059122151746575,2.6875,0.15241936258153677
exp-qlearning-2,238,-57.20057502417116,18.729313111795424,20.909644634623735,20.52105061765807,2.5625,0.1516572657686291
exp-qlearning-2,239,-47.074358288714,17.97521954132539,19.781253135663242,21.59227944833182,2.7083333333333335,0.15089897943978595
exp-qlearning-2,240,-48.192921589251995,17.90938374436219,21.326143761735587,21.60092254532732,2.7708333333333335,0.15014448454258703
exp-qlearning-2,241,-55.37807260329239,20.76067962093009,17.87733443381396,22.335687807552773,2.5416666666666665,0.1493937621198741
exp-qlearning-2,242,-9.966002300027682,19.045882199705265,21.95775437749123,21.117047667119454,2.5625,0.14864679330927472
exp-qlearning-2,243,65.92238264735629,19.056767329303046,21.35707375677431,22.730196690698246,2.2916666666666665,0.14790355934272834
exp-qlearning-2,244,-398.0910427662216,23.796095412755253,17.417312006082007,17.25283055969766,3.2916666666666665,0.1471640415460147
exp-qlearning-2,245,-284.79271059902425,17.0976180615978,17.994605079038514,21.559810347649403,3.1875,0.14642822133828462
exp-qlearning-2,246,-42.63053449196563,19.902614214029757,20.132068147179492,20.71714531596006,2.9166666666666665,0.1456960802315932
exp-qlearning-2,247,-45.72208154415734,17.40664150856872,20.374776864790153,21.542307646199536,3.0625,0.14496759983043522
exp-qlearning-2,248,-19.759353000797617,20.45340256064731,19.299345204219545,22.59006345912047,2.4791666666666665,0.14424276183128304
exp-qlearning-2,249,-124.43588810064419,20.51968941724003,18.36662195971972,20.084021064033852,2.8125,0.14352154802212663
exp-qlearning-2,250,-159.01872543204502,18.479927849727353,21.683997092001377,20.179018239554768,2.7083333333333335,0.142803940282016
exp-qlearning-2,251,-149.56095486726042,17.366352085874233,21.967585230448673,19.897530545149348,2.9166666666666665,0.14208992058060593
exp-qlearning-2,252,110.4251044654891,19.19415555600099,21.35008579630225,22.224987284460482,2.2291666666666665,0.1413794709777029
exp-qlearning-2,253,-135.93236706694833,18.95821792826087,19.47125723729834,20.373226449551,3.1041666666666665,0.14067257362281438
exp-qlearning-2,254,-169.02434672398135,20.93199844214458,15.981743507986382,21.805278661120298,2.4375,0.1399692107547003
exp-qlearning-2,255,-82.25564734083957,18.168928055887072,19.230903967431246,22.48277132026256,2.7708333333333335,0.13926936470092682
exp-qlearning-2,256,-34.41940961471239,17.626326951921353,21.467135512135584,22.29570400555132,2.5625,0.13857301787742218
exp-qlearning-2,257,-72.75624265657572,18.695764780263154,18.097002096193282,22.965840322136845,2.5833333333333335,0.13788015278803506
exp-qlearning-2,258,21.97186594276652,18.549478023258384,20.753214585630342,21.49105806906947,2.5416666666666665,0.1371907520240949
exp-qlearning-2,259,-18.168908035757063,18.543461160388482,21.023904249914654,21.23591958856679,2.6666666666666665,0.1365047982639744
exp-qlearning-2,260,-18.089573850598097,17.82640846570946,19.236934079096287,22.609387856927242,2.5208333333333335,0.13582227427265453
exp-qlearning-2,261,-61.44575731493036,17.85282312374054,21.035366319290684,21.69400087123614,2.7708333333333335,0.13514316290129125
exp-qlearning-2,262,49.24997314118728,19.235690011084674,20.94214980484312,21.695050455523603,2.3541666666666665,0.1344674470867848
exp-qlearning-2,263,-30.53824883660823,18.040188723930537,20.463692052401303,22.137426003361707,2.6458333333333335,0.13379510985135087
exp-qlearning-2,264,-8.20394650031724,18.68417528215186,19.899844845530577,22.710228911015047,2.5625,0.1331261343020941
exp-qlearning-2,265,-70.47405384882211,19.007248368715544,19.882886730549085,21.259296865109857,2.6458333333333335,0.13246050363058365
exp-qlearning-2,266,-171.66473466717727,17.98923770535312,21.07399689227439,20.461885301384434,2.9375,0.13179820111243074
exp-qlearning-2,267,-156.6150603392727,18.068447122276368,20.872799920075053,20.470994504550315,3.1458333333333335,0.13113921010686858
exp-qlearning-2,268,-56.91238042695366,19.465305248845684,21.597155594183434,21.638723202616305,2.3125,0.13048351405633424
exp-qlearning-2,269,-161.90593503393652,18.448040663414425,17.694126477926122,22.39089422992736,2.8541666666666665,0.12983109648605257
exp-qlearning-2,270,-270.23293111988005,15.639516451459992,20.002588932455733,22.983980319805863,3.0416666666666665,0.1291819410036223
exp-qlearning-2,271,-54.07892153088046,21.004702140445513,20.50663320467019,19.740351167400394,2.625,0.1285360312986042
exp-qlearning-2,272,57.70805063179418,18.557480151930946,20.762581087455235,22.04964517825989,2.4791666666666665,0.12789335114211117
exp-qlearning-2,273,-62.52081567323817,19.55785156000721,18.862723575014893,22.441623983199634,2.5,0.12725388438640062
exp-qlearning-2,274,4.8422323075119955,18.510663444505475,20.95218903454681,21.466453705882714,2.6458333333333335,0.1266176149644686
exp-qlearning-2,275,-249.2496866480895,18.525165627326373,19.524896049324045,20.889666755757563,3.0833333333333335,0.12598452688964626
exp-qlearning-2,276,-26.373886345370472,19.033567950071404,20.139951121662207,20.944121203150438,2.6041666666666665,0.12535460425519804
exp-qlearning-2,277,-39.707909974588944,17.77158947426883,22.52992026536774,22.028154527527118,2.25,0.12472783123392205
exp-qlearning-2,278,-61.90592305370329,17.991615895674013,20.0266285641482,22.703421969129675,2.6666666666666665,0.12410419207775243
exp-qlearning-2,279,-10.772581392884213,18.572581202352623,21.644637190470778,22.491874709469684,2.3958333333333335,0.12348367111736366
exp-qlearning-2,280,-59.09592362053168,16.45599340336705,21.7951297895401,21.923513695132602,2.8125,0.12286625276177685
exp-qlearning-2,281,-42.9538538133194,18.49840483678939,21.082705099023062,22.86446599390982,2.4791666666666665,0.12225192149796796
exp-qlearning-2,282,-252.57601118749224,22.953396023502236,15.044327606153685,19.993822323496016,2.9791666666666665,0.12164066189047812
exp-qlearning-2,283,-65.47744747111582,18.51043189875873,20.656749113442764,21.013201898285207,2.9166666666666665,0.12103245858102572
exp-qlearning-2,284,-8.925775242317219,19.326696418045827,18.567165607593072,22.08734152412606,2.5416666666666665,0.1204272962881206
exp-qlearning-2,285,-181.87069324450002,20.05058858291138,16.54846068385986,21.340183203151415,2.8958333333333335,0.11982515980668
exp-qlearning-2,286,-134.62253675445376,18.774751046728557,19.807314203648534,20.538708617393596,2.9375,0.1192260340076466
exp-qlearning-2,287,43.300893173008234,18.83069118016324,20.57380824899288,21.5429146471662,2.625,0.11862990383760837
exp-qlearning-2,288,-336.37885264502347,19.227725191821833,20.276095295032313,20.105773187689707,2.875,0.11803675431842033
exp-qlearning-2,289,-174.09803105003826,19.711933521026342,16.00803190353213,22.928562061724207,2.8541666666666665,0.11744657054682822
exp-qlearning-2,290,-197.64049663187143,15.61491583932937,21.117716925305764,22.736355150205227,2.8958333333333335,0.11685933769409408
exp-qlearning-2,291,-183.41034090395573,17.856879045579493,18.766408098033477,20.65431613458971,3.0416666666666665,0.11627504100562361
exp-qlearning-2,292,79.55219362214811,19.296733530553045,21.498078072135584,22.842649925551324,2.3333333333333335,0.1156936658005955
exp-qlearning-2,293,98.55219362214811,19.296733530553045,21.623078072135584,22.967649925551324,2.125,0.11511519747159252
exp-qlearning-2,294,15.063032210911505,19.32833777900322,21.830361808368696,20.76451721521861,2.5208333333333335,0.11453962148423455
exp-qlearning-2,295,27.51791358730802,19.887058615799372,21.866293464543244,20.801900265314007,2.4375,0.11396692337681337
exp-qlearning-2,296,58.30584909734516,19.8092837387066,21.237964956690508,21.788001910682713,2.2916666666666665,0.11339708875992931
exp-qlearning-2,297,29.491265549365657,18.69185853055304,21.888314072135586,22.725149925551325,2.4583333333333335,0.11283010331612967
exp-qlearning-2,298,64.88131924656736,19.20348011368429,21.63874001037702,22.33275689852479,2.3333333333333335,0.11226595279954901
exp-qlearning-2,299,-196.4154196126829,16.670540920659068,20.433823909013583,23.026460166252495,2.75,0.11170462303555127
exp-qlearning-2,300,-30.451296266675755,18.92006399974785,20.572066143789183,20.861673509843364,2.4791666666666665,0.11114609992037351
exp-qlearning-2,301,70.55268262757473,19.8155791054059,20.670812632701736,22.06785997975003,2.2083333333333335,0.11059036942077165
exp-qlearning-2,302,30.752220880951533,19.155942432660385,20.33689417386393,21.44480937001317,2.6458333333333335,0.11003741757366779
exp-qlearning-2,303,7.50585060225675,19.617975782448745,21.44911412132117,21.571186813106852,2.6458333333333335,0.10948723048579945
exp-qlearning-2,304,1.8870091321407294,18.472325872103667,21.110593796935586,20.964426135727326,2.7083333333333335,0.10893979433337045
exp-qlearning-2,305,-102.91165141231791,19.850560209514054,20.186074504747396,20.039103320785426,2.7291666666666665,0.1083950953617036
exp-qlearning-2,306,12.877847336388676,18.690164780553044,21.883714072135586,22.516657925551325,2.5416666666666665,0.10785311988489507
exp-qlearning-2,307,72.15810942284598,19.403617715964355,21.658056532530807,21.0756151127991,2.4791666666666665,0.10731385428547059
exp-qlearning-2,308,-174.67472421543306,21.67391113765599,16.76160743506441,22.226593804028454,2.4791666666666665,0.10677728501404324
exp-qlearning-2,309,-6.5493061544224815,19.490837453398125,21.36390491785355,21.880915755523485,2.5833333333333335,0.10624339858897303
exp-qlearning-2,310,98.55219362214811,19.296733530553045,21.623078072135584,22.967649925551324,2.125,0.10571218159602816
exp-qlearning-2,311,-243.78497392534058,19.781254275228182,16.766392836883032,21.43253948854546,2.8333333333333335,0.10518362068804801
exp-qlearning-2,312,50.915860766366364,18.979218056000988,20.716033605499344,22.55103320446048,2.4375,0.10465770258460777
exp-qlearning-2,313,-114.07881687884034,18.52097424365394,19.00053593504913,21.184309411906415,3.0,0.10413441407168474
exp-qlearning-2,314,98.55219362214811,19.296733530553045,21.623078072135584,22.967649925551324,2.125,0.10361374200132631
exp-qlearning-2,315,100.4806185310309,19.120638016803042,21.808703512135583,22.186241713751667,2.2708333333333335,0.10309567329131968
exp-qlearning-2,316,-315.5990967907784,16.96780049479433,16.248568272803112,21.967770188267455,3.2083333333333335,0.10258019492486307
exp-qlearning-2,317,-131.78368856228346,17.140355404672416,22.635140598096115,20.620419905375833,2.75,0.10206729395023875
exp-qlearning-2,318,-106.19234082428967,18.65105268866537,20.21504617452904,20.70467663462151,2.7083333333333335,0.10155695748048756
exp-qlearning-2,319,84.18315456377181,19.234233530553045,21.66097525971959,22.967649925551324,2.1666666666666665,0.10104917269308512
exp-qlearning-2,320,27.41629810223884,19.137297608396903,21.643969702636316,21.901146785416056,2.6875,0.1005439268296197
exp-qlearning-2,321,-126.55453473071454,18.25797650245451,21.162930820449223,21.169222009961125,2.8541666666666665,0.1000412071954716
exp-qlearning-2,322,50.354282453058445,19.24748880246268,21.03693495429593,21.564809912130418,2.4166666666666665,0.09954100115949424
exp-qlearning-2,323,46.66582539980964,20.270441520608447,20.731719390158585,22.03557851330648,2.3333333333333335,0.09904329615369677
exp-qlearning-2,324,-228.56622865782785,19.647015902068336,18.27894422193602,19.140489265044888,3.125,0.09854807967292828
exp-qlearning-2,325,-78.30276958921831,17.16932664880304,21.792342066874685,21.453726126660133,2.7708333333333335,0.09805533927456364
exp-qlearning-2,326,9.036269345792888,18.827358530553045,21.378078072135583,22.967649925551324,2.5208333333333335,0.09756506257819082
exp-qlearning-2,327,46.33311916587189,19.23908066180304,21.901257637703583,21.4597594107302,2.3333333333333335,0.09707723726529986
exp-qlearning-2,328,-47.73528175249154,19.620087433308402,18.380134560571133,22.034072947715416,2.4583333333333335,0.09659185107897336
exp-qlearning-2,329,98.55219362214811,19.296733530553045,21.623078072135584,22.967649925551324,2.125,0.0961088918235785
exp-qlearning-2,330,-257.29616789608207,16.74368376274045,18.896241314847458,22.11082612787119,2.875,0.0956283473644606
exp-qlearning-2,331,-93.10215749266486,19.969813290405938,19.02542749063739,22.410057742523804,2.6041666666666665,0.0951502056276383
exp-qlearning-2,332,-115.05905118683214,19.47345968659675,18.208527264176983,21.627167477982198,2.6875,0.09467445459950011
exp-qlearning-2,333,58.271909475631695,19.065074092428045,21.225487459314177,22.33711382188702,2.3958333333333335,0.09420108232650261
exp-qlearning-2,334,64.3120085148242,18.49369112627929,21.2954874919978,22.509677308124783,2.375,0.09373007691487009
exp-qlearning-2,335,-89.27071742412127,17.889997552116164,21.1098152178641,21.181263157168576,2.8125,0.09326142653029575
exp-qlearning-2,336,74.28408791062883,19.39717296805304,21.755067854919584,21.83196455595132,2.375,0.09279511939764427
exp-qlearning-2,337,98.55219362214811,19.296733530553045,21.623078072135584,22.967649925551324,2.125,0.09233114380065605
exp-qlearning-2,338,50.050392506153095,18.88370901755304,21.55218052930876,22.295757925551325,2.3333333333333335,0.09186948808165277
exp-qlearning-2,339,52.287614625756525,19.121733530553044,21.503078072135583,22.725149925551325,2.3958333333333335,0.0914101406412445
exp-qlearning-2,340,37.26462406772979,20.27209860430545,21.117379894366753,22.3413830872245,2.3333333333333335,0.09095308993803829
exp-qlearning-2,341,98.55219362214811,19.296733530553045,21.623078072135584,22.967649925551324,2.125,0.09049832448834809
exp-qlearning-2,342,-143.7437971551695,16.179907974198404,21.480769100503068,20.628859751075066,2.9583333333333335,0.09004583286590635
exp-qlearning-2,343,-71.80206894072589,17.83776259073911,23.41509991650902,21.618614063029906,2.5625,0.08959560370157682
exp-qlearning-2,344,98.55219362214811,19.296733530553045,21.623078072135584,22.967649925551324,2.125,0.08914762568306893
exp-qlearning-2,345,-64.89295886361796,17.701708707253577,21.311648510960797,21.879250816136135,2.5625,0.08870188755465358
exp-qlearning-2,346,-10.900498688680987,19.984896599037288,19.98528669074692,20.45548760008627,2.5416666666666665,0.08825837811688031
exp-qlearning-2,347,-22.891887595955552,20.05424566482259,18.712965835803733,23.09762123058597,2.5,0.0878170862262959
exp-qlearning-2,348,-174.6364937923798,17.99577330913228,20.700520320054178,21.022403032729038,2.7708333333333335,0.08737800079516442
exp-qlearning-2,349,-74.80911052354585,19.63848833141299,19.218483991649578,21.599227918170413,2.6875,0.08694111079118859
exp-qlearning-2,350,-100.20110321922351,18.037661323588342,19.926500756100804,22.13853757495295,2.6041666666666665,0.08650640523723264
exp-qlearning-2,351,-138.99195319346535,17.047208444505475,20.71820706974681,21.277187817823098,3.0833333333333335,0.08607387321104648
exp-qlearning-2,352,-62.207424309433605,19.095596078621657,18.88866072692292,22.681878476786466,2.625,0.08564350384499125
exp-qlearning-2,353,-194.19854026625472,16.995943733403934,20.113018672867145,21.680775746194787,2.9583333333333335,0.08521528632576629
exp-qlearning-2,354,88.19219362214811,19.296733530553045,21.618078072135585,22.573349925551327,2.3333333333333335,0.08478920989413746
exp-qlearning-2,355,78.96383773757219,20.159184742671574,20.882688506863733,22.673522741581593,2.2291666666666665,0.08436526384466678
exp-qlearning-2,356,-37.293784081755135,21.349632987345753,18.877249878968563,21.597842338621245,2.4166666666666665,0.08394343752544345
exp-qlearning-2,357,-21.287449206043096,18.667503605662464,20.090339763994013,22.485473815788684,2.3958333333333335,0.08352372033781623
exp-qlearning-2,358,98.55219362214811,19.296733530553045,21.623078072135584,22.967649925551324,2.125,0.08310610173612715
exp-qlearning-2,359,62.37812874012294,18.74491061540137,21.387361623775238,21.068812765461594,2.3958333333333335,0.08269057122744651
exp-qlearning-2,360,-112.20041556980226,18.379507924750985,21.959795280478204,23.190384063900623,2.625,0.08227711837130927
exp-qlearning-2,361,98.55219362214811,19.296733530553045,21.623078072135584,22.967649925551324,2.125,0.08186573277945272
exp-qlearning-2,362,-100.03195538480304,17.248856426674852,21.553935378551532,21.888872640221056,2.7916666666666665,0.08145640411555546
exp-qlearning-2,363,-91.3796454403375,20.533983879441468,17.556672648121946,22.017014773212384,2.5208333333333335,0.08104912209497768
exp-qlearning-2,364,-78.69327001601003,18.342513770796494,21.078506269221496,21.316106714005226,2.75,0.08064387648450279
exp-qlearning-2,365,-22.570436351913145,17.83440554564696,20.36722280783604,21.74578943306834,2.6041666666666665,0.08024065710208027
exp-qlearning-2,366,-149.89029333323748,20.254137512830432,16.282941120035243,21.965356264508134,2.5833333333333335,0.07983945381656987
exp-qlearning-2,367,-162.2491049669983,21.915949764616155,22.028913476937678,19.09705960678493,2.625,0.07944025654748703
exp-qlearning-2,368,6.768106453773402,19.561443961178043,20.479409739945577,23.599510117805142,2.2083333333333335,0.0790430552647496
exp-qlearning-2,369,-122.92135987565344,17.91520342315832,18.666879738037043,21.168403055982598,2.8541666666666665,0.07864783998842585
exp-qlearning-2,370,-84.49135387443512,18.34974141805304,21.16613713170668,23.013927091343373,2.5625,0.07825460078848372
exp-qlearning-2,371,98.55219362214811,19.296733530553045,21.623078072135584,22.967649925551324,2.125,0.0778633277845413
exp-qlearning-2,372,-167.91213603065694,17.417210741865908,22.472945364400758,20.722383571507986,2.8958333333333335,0.0774740111456186
exp-qlearning-2,373,-185.50394218580317,19.439641123012493,18.93575144293418,21.646326958424613,2.8541666666666665,0.07708664108989051
exp-qlearning-2,374,32.188138510134436,18.77978691805304,21.6601426919423,21.468215115306204,2.375,0.07670120788444106
exp-qlearning-2,375,59.25683112405059,19.089348930615543,21.973626737565798,21.890956898524788,2.4375,0.07631770184501885
exp-qlearning-2,376,9.43939485032239,18.780546849303043,21.846600699719584,21.231850910506203,2.4375,0.07593611333579375
exp-qlearning-2,377,-63.38954310451188,17.96726007291185,20.61609898538979,22.795869941343387,2.7708333333333335,0.07555643276911478
exp-qlearning-2,378,-16.334186384006614,18.958991037345836,22.512078757703588,21.400838800303323,2.6666666666666665,0.07517865060526921
exp-qlearning-2,379,-377.40445224531487,16.5744076799174,21.65905120203226,18.152662919709062,3.3958333333333335,0.07480275735224286
exp-qlearning-2,380,-247.09092692481605,18.497270326765673,17.303709346410805,20.902731970344515,2.8333333333333335,0.07442874356548164
exp-qlearning-2,381,81.67832537772378,19.234233530553045,21.623078072135584,22.850149925551325,2.2291666666666665,0.07405659984765423
exp-qlearning-2,382,90.65378665589263,19.457147516190542,21.550489288766002,22.440350587524193,2.2083333333333335,0.07368631684841595
exp-qlearning-2,383,-124.59093574698171,18.4010673128456,21.176005925850266,21.18006501876111,2.7708333333333335,0.07331788526417388
exp-qlearning-2,384,35.462623974330526,19.9818537984118,21.44610926740134,21.27516047973499,2.2291666666666665,0.07295129583785301
exp-qlearning-2,385,-61.09722541176535,18.48744040555304,20.852868356935584,22.025736760751325,2.7291666666666665,0.07258653935866374
exp-qlearning-2,386,-2.821195076969147,17.865283823803043,22.466890587292763,21.786243498327664,2.625,0.07222360666187043
exp-qlearning-2,387,98.55219362214811,19.296733530553045,21.623078072135584,22.967649925551324,2.125,0.07186248862856108
exp-qlearning-2,388,-141.58703651939075,18.178172159573844,21.10996879984931,19.738996804990865,2.7291666666666665,0.07150317618541828
exp-qlearning-2,389,63.433513055769296,19.05696670567804,21.64771996679239,21.362684035189435,2.5208333333333335,0.07114566030449118
exp-qlearning-2,390,-30.4123598403702,21.017714696261862,18.23206610676384,23.25398856511545,2.1458333333333335,0.07078993200296872
exp-qlearning-2,391,97.94849518099345,19.20859191180304,22.226545002342306,22.034379740724443,2.2708333333333335,0.07043598234295388
exp-qlearning-2,392,68.75425770307743,18.801167986240543,22.02990181727468,22.268483086660137,2.3125,0.07008380243123911
exp-qlearning-2,393,-209.39571452921183,17.08573993038279,17.330993419587998,20.68843038677222,3.2708333333333335,0.06973338341908292
exp-qlearning-2,394,26.363266203795284,19.611036374907766,20.944504906857407,21.77906873799917,2.3125,0.0693847165019875
exp-qlearning-2,395,98.55219362214811,19.296733530553045,21.623078072135584,22.967649925551324,2.125,0.06903779291947756
exp-qlearning-2,396,-152.3975468171718,17.89498181612804,20.276317625693753,22.888105708205142,2.7291666666666665,0.06869260395488018
exp-qlearning-2,397,7.423560869473704,18.04818626547304,21.76005672721793,21.46673227864368,2.6041666666666665,0.06834914093510577
exp-qlearning-2,398,98.55219362214811,19.296733530553045,21.623078072135584,22.967649925551324,2.125,0.06800739523043024
exp-qlearning-2,399,88.21331676565381,19.359233530553045,21.279600356935585,22.138745515951324,2.3125,0.0676673582542781
exp-qlearning-2,400,-99.08381917752897,17.41552818628873,22.306304024543238,21.41780390305941,2.7083333333333335,0.0673290214630067
exp-qlearning-2,401,-66.60066579195417,18.350050651246793,21.043256666843238,22.55788688002526,2.625,0.06699237635569168
exp-qlearning-2,402,-17.151328609550287,17.88373931559804,20.328848830269056,22.31099952344368,2.7291666666666665,0.06665741447391321
exp-qlearning-2,403,-129.2605170832824,17.907942373316455,17.95611351188062,22.09513353004918,2.6666666666666665,0.06632412740154364
exp-qlearning-2,404,98.55219362214811,19.296733530553045,21.623078072135584,22.967649925551324,2.125,0.06599250676453593
exp-qlearning-2,405,-49.678208114654225,18.115357194832615,21.996823888630086,21.136748457929187,2.4583333333333335,0.06566254423071324
exp-qlearning-2,406,-46.31562205363065,18.06559922705497,21.066333778204967,21.151471745903297,2.7916666666666665,0.06533423150955968
exp-qlearning-2,407,98.55219362214811,19.296733530553045,21.623078072135584,22.967649925551324,2.125,0.06500756035201188
exp-qlearning-2,408,26.21873238025804,18.815763016803043,21.20390512450876,22.28088222448736,2.5,0.06468252255025182
exp-qlearning-2,409,6.461431605023996,18.471344592428046,21.67483431929068,21.76045877069825,2.5,0.06435910993750056
exp-qlearning-2,410,-33.85459971315129,18.09138766636784,21.02885459239636,21.028607529146004,2.4791666666666665,0.06403731438781306
exp-qlearning-2,411,-33.86095111927837,18.67207256935699,21.514970529366874,21.875815700817824,2.6458333333333335,0.06371712781587399
exp-qlearning-2,412,-38.57631450200666,19.231196767783103,18.979802159086297,21.051563940039888,2.5,0.06339854217679462
exp-qlearning-2,413,-91.14031056329938,20.420133408442044,18.513188491013192,21.47265636280487,2.5833333333333335,0.06308154946591064
exp-qlearning-2,414,98.55219362214811,19.296733530553045,21.623078072135584,22.967649925551324,2.125,0.0627661417185811
exp-qlearning-2,415,98.55219362214811,19.296733530553045,21.623078072135584,22.967649925551324,2.125,0.06245231100998819
exp-qlearning-2,416,98.55219362214811,19.296733530553045,21.623078072135584,22.967649925551324,2.125,0.06214004945493825
exp-qlearning-2,417,-162.69227225632142,22.837164819057048,16.27313115148031,21.69092787997001,2.625,0.06182934920766356
exp-qlearning-2,418,-63.31455292057992,19.677943671594655,19.049497517455666,22.702276846560654,2.3958333333333335,0.06152020246162524
exp-qlearning-2,419,58.23239914976321,18.719791026828418,21.084528440575898,21.553972745882714,2.2916666666666665,0.06121260144931712
exp-qlearning-2,420,116.82982656235771,19.438952489690955,21.827427938387203,21.769059797893068,2.3333333333333335,0.06090653844207053
exp-qlearning-2,421,-21.2225994596107,17.010780066009044,20.831716279585397,22.111381122242083,2.6875,0.060602005749860174
exp-qlearning-2,422,82.26832537772378,19.177983530553046,21.680578072135585,22.670149925551325,2.3125,0.06029899572111087
exp-qlearning-2,423,31.653444018654902,20.75657088918167,22.225145331443986,21.40570610387439,2.4166666666666665,0.059997500742505316
exp-qlearning-2,424,66.1534077157836,18.65396826130304,21.76139950687468,21.961034881860133,2.2708333333333335,0.05969751323879279
exp-qlearning-2,425,34.791077058525744,18.62935853055304,21.743078072135585,22.801749925551324,2.3333333333333335,0.059399025672598825
exp-qlearning-2,426,-120.67133515863324,18.639466095279758,20.220088589622634,21.181800773741397,2.7083333333333335,0.05910203054423583
exp-qlearning-2,427,98.55219362214811,19.296733530553045,21.623078072135584,22.967649925551324,2.125,0.05880652039151465
exp-qlearning-2,428,98.55219362214811,19.296733530553045,21.623078072135584,22.967649925551324,2.125,0.058512487789557074
exp-qlearning-2,429,87.60339362214812,19.296733530553045,21.450178072135586,22.967649925551324,2.1875,0.05821992535060929
exp-qlearning-2,430,15.934656212389893,17.84844246640365,21.489704244395302,21.93858499966048,2.5416666666666665,0.05792882572385624
exp-qlearning-2,431,100.86649506089516,20.553496953398124,21.383737762653553,22.676003359704257,2.0833333333333335,0.05763918159523696
exp-qlearning-2,432,113.55535426027382,19.400239780553044,21.846247246981022,21.32988309572732,2.4375,0.057350985687260776
exp-qlearning-2,433,-31.72409740656113,18.886027803628043,21.50314487209276,21.61973926955225,2.75,0.05706423075882447
exp-qlearning-2,434,-59.15573874317451,18.97887546678227,20.74232583299447,21.40080391153852,2.6041666666666665,0.05677890960503035
exp-qlearning-2,435,-119.85545726444582,18.941777767890823,18.258787080114892,21.086927733088412,2.7708333333333335,0.056495015057005195
exp-qlearning-2,436,101.85416213006934,19.322327905553042,21.946997887303585,21.249810135727323,2.4375,0.05621253998172017
exp-qlearning-2,437,109.30935744983962,19.332114780553045,21.554599226843237,22.269835083351666,2.3125,0.05593147728181157
exp-qlearning-2,438,43.86745287598535,18.71355929621939,20.151921401621603,22.065114615956634,2.5208333333333335,0.05565181989540251
exp-qlearning-2,439,98.55219362214811,19.296733530553045,21.623078072135584,22.967649925551324,2.125,0.055373560795925494
exp-qlearning-2,440,98.55219362214811,19.296733530553045,21.623078072135584,22.967649925551324,2.125,0.05509669299194587
exp-qlearning-2,441,56.60090715782949,18.844296030553043,21.955046072135584,22.315665925551325,2.4166666666666665,0.05482120952698614
exp-qlearning-2,442,-102.44555698536175,18.149464386481785,21.60096856774157,20.01724393913943,2.9583333333333335,0.054547103479351204
exp-qlearning-2,443,-99.22224587708149,18.91441702932853,19.6877495710388,21.359821938827917,2.7916666666666665,0.05427436796195445
exp-qlearning-2,444,17.47522034545479,21.38548295304376,20.17745532884303,22.30708600630882,2.5416666666666665,0.05400299612214468
exp-qlearning-2,445,11.881229984966264,18.68957631595509,20.531198506089407,21.95171128173042,2.5625,0.05373298114153396
exp-qlearning-2,446,109.06589041345642,19.75105766814223,21.230953572017928,22.366680517504605,2.1666666666666665,0.05346431623582629
exp-qlearning-2,447,112.74995352602706,18.773241349047414,21.228614585630343,21.856588483443684,2.3958333333333335,0.05319699465464715
exp-qlearning-2,448,98.55219362214811,19.296733530553045,21.623078072135584,22.967649925551324,2.125,0.05293100968137392
exp-qlearning-2,449,82.38753198500596,19.229992980857542,21.205385314889597,22.178480170912632,2.3541666666666665,0.052666354632967045
exp-qlearning-2,450,-28.810453908139223,18.668308977589373,20.78353077830427,21.661642256872728,2.7916666666666665,0.05240302285980221
exp-qlearning-2,451,81.61751147754354,19.785971373999377,21.352249119626247,22.57246318046653,2.3541666666666665,0.0521410077455032
exp-qlearning-2,452,-97.11164735891792,17.162506084208925,20.407817952087075,21.696353939712438,2.7708333333333335,0.05188030270677568
exp-qlearning-2,453,10.461677737329097,19.004052280553044,21.426746072135586,22.488165925551325,2.5416666666666665,0.0516209011932418
exp-qlearning-2,454,96.15977069892048,19.115483530553046,21.743078072135585,22.850149925551325,2.2291666666666665,0.05136279668727559
exp-qlearning-2,455,-169.05145654440975,16.763049966403653,20.24557135368653,22.30408940926048,3.1875,0.05110598270383922
exp-qlearning-2,456,-182.02255071966934,23.02009808303365,18.666800506035795,18.552078492373344,2.5833333333333335,0.05085045279032002
exp-qlearning-2,457,98.55219362214811,19.296733530553045,21.623078072135584,22.967649925551324,2.125,0.05059620052636842
exp-qlearning-2,458,-21.995599945574124,18.252681266736918,20.301438707137912,22.192042710280052,2.6458333333333335,0.050343219523736576
exp-qlearning-2,459,-17.489590405063105,19.158013030553047,21.339087327303584,20.4100024507302,2.8541666666666665,0.050091503426117893
exp-qlearning-2,460,98.55219362214811,19.296733530553045,21.623078072135584,22.967649925551324,2.125,0.05
exp-qlearning-2,461,78.9935459561816,19.65468185315748,21.697504760699346,21.183147079660483,2.5208333333333335,0.05
exp-qlearning-2,462,-47.062656489232396,18.536615062739077,21.5095342385372,21.47761683163932,2.5416666666666665,0.05
exp-qlearning-2,463,-56.34554180917975,19.013690324392886,21.473376126046357,20.104676336945136,2.6875,0.05
exp-qlearning-2,464,45.1891975748389,18.63941604874054,22.28015858729276,21.55226825352767,2.4583333333333335,0.05
exp-qlearning-2,465,98.55219362214811,19.296733530553045,21.623078072135584,22.967649925551324,2.125,0.05
exp-qlearning-2,466,-21.4813308499659,18.665982760544797,22.81068246692293,21.132510076355157,2.5,0.05
exp-qlearning-2,467,-96.10025702296085,17.80041333484804,22.0517284665062,21.510299851795022,2.5416666666666665,0.05
exp-qlearning-2,468,-83.48402818002882,17.426405001384893,21.133133578811808,22.746800652600626,2.6666666666666665,0.05
exp-qlearning-2,469,98.55219362214811,19.296733530553045,21.623078072135584,22.967649925551324,2.125,0.05
exp-qlearning-2,470,98.55219362214811,19.296733530553045,21.623078072135584,22.967649925551324,2.125,0.05
exp-qlearning-2,471,-84.79137020605974,19.304719464859495,19.993790893050875,20.031578370930646,2.5416666666666665,0.05
exp-qlearning-2,472,98.55219362214811,19.296733530553045,21.623078072135584,22.967649925551324,2.125,0.05
exp-qlearning-2,473,98.55219362214811,19.296733530553045,21.623078072135584,22.967649925551324,2.125,0.05
exp-qlearning-2,474,98.55219362214811,19.296733530553045,21.623078072135584,22.967649925551324,2.125,0.05
exp-qlearning-2,475,42.701208344975996,19.428594286803044,21.54931293658102,21.6921713201062,2.3125,0.05
exp-qlearning-2,476,120.38512018369374,20.646785835392347,21.10638412445945,22.142540441287863,2.1666666666666665,0.05
exp-qlearning-2,477,98.55219362214811,19.296733530553045,21.623078072135584,22.967649925551324,2.125,0.05
exp-qlearning-2,478,98.55219362214811,19.296733530553045,21.623078072135584,22.967649925551324,2.125,0.05
exp-qlearning-2,479,-118.55101799166057,18.771423192910305,18.053907496856457,22.514003594999426,2.5625,0.05
exp-qlearning-2,480,51.63948922156101,19.455418655553043,21.438668356935583,22.196747800751325,2.375,0.05
exp-qlearning-2,481,98.55219362214811,19.296733530553045,21.623078072135584,22.967649925551324,2.125,0.05
exp-qlearning-2,482,98.55219362214811,19.296733530553045,21.623078072135584,22.967649925551324,2.125,0.05
exp-qlearning-2,483,31.215921699504783,18.64159640698582,21.09451760763058,21.632317106597483,2.3333333333333335,0.05
exp-qlearning-2,484,29.501709052735208,18.77515321117804,22.50017575220706,21.973015966095375,2.375,0.05
exp-qlearning-2,485,98.55219362214811,19.296733530553045,21.623078072135584,22.967649925551324,2.125,0.05
exp-qlearning-2,486,-1.1527115429991603,19.208821712109067,18.8245217907613,22.709321367327238,2.3333333333333335,0.05
exp-qlearning-2,487,98.55219362214811,19.296733530553045,21.623078072135584,22.967649925551324,2.125,0.05
exp-qlearning-2,488,-101.9222584885575,19.838013584442532,19.66086197328268,21.02477086560005,2.6041666666666665,0.05
exp-qlearning-2,489,69.42831887056235,18.917483530553042,22.186214072135584,22.510849925551327,2.2916666666666665,0.05
exp-qlearning-2,490,1.4157234826055962,19.49855840791402,20.80710860617021,21.116714879396053,2.3958333333333335,0.05
exp-qlearning-2,491,98.55219362214811,19.296733530553045,21.623078072135584,22.967649925551324,2.125,0.05
exp-qlearning-2,492,98.55219362214811,19.296733530553045,21.623078072135584,22.967649925551324,2.125,0.05
exp-qlearning-2,493,98.55219362214811,19.296733530553045,21.623078072135584,22.967649925551324,2.125,0.05
exp-qlearning-2,494,-283.1569075984838,21.978875020565408,16.106325236582688,21.416699018145547,2.8541666666666665,0.05
exp-qlearning-2,495,121.48218005841026,19.610250327967464,21.47890262709501,22.57506692280268,2.2083333333333335,0.05
exp-qlearning-2,496,72.890034402792,19.314704843053043,22.006407602503582,20.852528675503322,2.5,0.05
exp-qlearning-2,497,22.07216956976808,18.399508778659236,20.869351571675264,22.70524353966871,2.4166666666666665,0.05
exp-qlearning-2,498,113.5678483478213,19.466069188169403,21.625576094591825,22.636898915080057,2.1458333333333335,0.05
exp-qlearning-2,499,98.55219362214811,19.296733530553045,21.623078072135584,22.967649925551324,2.125,0.05
exp-qlearning-2,500,-28.666496331955567,19.813940182226634,19.62357370956009,22.623954198680284,2.5416666666666665,0.05
